kdkl;Inception;true;13.12.2018
kdk;Inception;true;13.12.2018
332095556;Inception;false;13.12.2018
332095556;Iron Man 2;true;13.12.2018
353541330;The Devil and the Statue;true;13.12.2018
353541330;The Predator;false;13.12.2018
353541330;Cunard Mail Steamer Lucania Leaving for America;true;13.12.2018
353541330;Islam and the Future of Tolerance;false;13.12.2018
353541330;Dreaming Under Capitalism;false;16.12.2018
353541330;The Exiled;false;16.12.2018
353541330;Woman in the Moon;true;16.12.2018
332095556;Bluebeard;false;16.12.2018
332095556;Gertie the Dinosaur;true;16.12.2018
397003222;Gertie the Dinosaur;false;18.12.2018
